{
  "games" : {
    "final_game" : {
      "game31" : {
        "team1" : "Team 1",
        "team1_score" : "-",
        "team2" : "Team 2",
        "team2_score" : "-",
        "time" : "FINAL"
      }
    },
    "group_games" : {
      "game01" : {
        "team1" : "Finn Harps Youths",
        "team1_score" : "-",
        "team2" : "Tory Celtic",
        "team2_score" : "-",
        "time" : "Day 1, 11:30"
      },
      "game02" : {
        "team1" : "Stonecutters",
        "team1_score" : "-",
        "team2" : "Barhale",
        "team2_score" : "-",
        "time" : "Day 1, 11:55"
      },
      "game03" : {
        "team1" : "The Rebels",
        "team1_score" : "-",
        "team2" : "FC Palatico",
        "team2_score" : "-",
        "time" : "Day 1, 12:20"
      },
      "game04" : {
        "team1" : "Riverside FC",
        "team1_score" : "-",
        "team2" : "Arranmore Utd",
        "team2_score" : "-",
        "time" : "Day 1, 12:45"
      },
      "game05" : {
        "team1" : "Midland Warriors",
        "team1_score" : "-",
        "team2" : "FC Internazionale",
        "team2_score" : "-",
        "time" : "Day 1, 13:10"
      },
      "game06" : {
        "team1" : "Real Lypis",
        "team1_score" : "-",
        "team2" : "Gallagher Tunnelling",
        "team2_score" : "-",
        "time" : "Day 1, 13:35"
      },
      "game07" : {
        "team1" : "St. Annes",
        "team1_score" : "-",
        "team2" : "Damo's Dream",
        "team2_score" : "-",
        "time" : "Day 1, 14:00"
      },
      "game08" : {
        "team1" : "Northern Tunnelling",
        "team1_score" : "-",
        "team2" : "Clannad Celtic",
        "team2_score" : "-",
        "time" : "Day 1, 14:25"
      },
      "game09" : {
        "team1" : "Finn Harps Youths",
        "team1_score" : "-",
        "team2" : "Stonecutters",
        "team2_score" : "-",
        "time" : "Day 1, 14:50"
      },
      "game10" : {
        "team1" : "The Rebels",
        "team1_score" : "-",
        "team2" : "Riverside F.C.",
        "team2_score" : "-",
        "time" : "Day 1, 15:15"
      },
      "game11" : {
        "team1" : "Tory Celtic",
        "team1_score" : "-",
        "team2" : "Barhale",
        "team2_score" : "-",
        "time" : "Day 1, 15:40"
      },
      "game12" : {
        "team1" : "F.C. Palatico",
        "team1_score" : "-",
        "team2" : "Arranmore Utd",
        "team2_score" : "-",
        "time" : "Day 1, 16:05"
      },
      "game13" : {
        "team1" : "Midland Warriors",
        "team1_score" : "-",
        "team2" : "Real Lypis",
        "team2_score" : "-",
        "time" : "Day 1, 16:30"
      },
      "game14" : {
        "team1" : "FC Internazionale",
        "team1_score" : "-",
        "team2" : "Gallagher Tunnelling",
        "team2_score" : "-",
        "time" : "Day 1, 16:55"
      },
      "game15" : {
        "team1" : "St. Annes",
        "team1_score" : "-",
        "team2" : "Northern Tunnelling",
        "team2_score" : "-",
        "time" : "Day 1, 17:20"
      },
      "game16" : {
        "team1" : "Damo's Dream",
        "team1_score" : "-",
        "team2" : "Clannad Celtic",
        "team2_score" : "-",
        "time" : "Day 1, 17:45"
      },
      "game17" : {
        "team1" : "Finn Harps Youths",
        "team1_score" : "-",
        "team2" : "Barhale",
        "team2_score" : "-",
        "time" : "Day 2, 11:30"
      },
      "game18" : {
        "team1" : "Tory Celtic",
        "team1_score" : "-",
        "team2" : "Stonecutters",
        "team2_score" : "-",
        "time" : "Day 2, 11:55"
      },
      "game19" : {
        "team1" : "The Rebels",
        "team1_score" : "-",
        "team2" : "Arranmore Utd",
        "team2_score" : "-",
        "time" : "Day 2, 12:20"
      },
      "game20" : {
        "team1" : "F.C. Palatico",
        "team1_score" : "-",
        "team2" : "Riverside F.C.",
        "team2_score" : "-",
        "time" : "Day 2, 12:45"
      },
      "game21" : {
        "team1" : "Midland Warriors",
        "team1_score" : "-",
        "team2" : "Gallagher Tunnelling",
        "team2_score" : "-",
        "time" : "Day 2, 13:10"
      },
      "game22" : {
        "team1" : "FC Internazionale",
        "team1_score" : "-",
        "team2" : "Real Lypis",
        "team2_score" : "-",
        "time" : "Day 2, 13:35"
      },
      "game23" : {
        "team1" : "St. Annes",
        "team1_score" : "-",
        "team2" : "Clannad Celtic",
        "team2_score" : "-",
        "time" : "Day 2, 14:00"
      },
      "game24" : {
        "team1" : "Damo's Dream",
        "team1_score" : "-",
        "team2" : "Northern Tunnelling",
        "team2_score" : "-",
        "time" : "Day 2, 14:25"
      }
    },
    "groups" : {
      "groupA" : {
        "Team1" : "Finn Harps Youths",
        "Team2" : "Tory Celtic",
        "Team3" : "Stonecutters",
        "Team4" : "Barhale"
      },
      "groupB" : {
        "Team1" : "The Rebels",
        "Team2" : "F.C. Palatico",
        "Team3" : "Riverside F.C.",
        "Team4" : "Arranmore Utd."
      },
      "groupC" : {
        "Team1" : "Midland Warriors",
        "Team2" : "FC Internazionale",
        "Team3" : "Real Lypis",
        "Team4" : "Gallagher Tunnelling"
      },
      "groupD" : {
        "Team1" : "St. Annes",
        "Team2" : "Damo's Dream",
        "Team3" : "Northern Tunnelling",
        "Team4" : "Clannad Celtic"
      }
    },
    "quarter_games" : {
      "game25" : {
        "team1" : "Team",
        "team1_score" : "-",
        "team2" : "Team",
        "team2_score" : "-",
        "time" : "Quarter 1"
      },
      "game26" : {
        "team1" : "Team",
        "team1_score" : "-",
        "team2" : "Team",
        "team2_score" : "-",
        "time" : "Quarter 2"
      },
      "game27" : {
        "team1" : "Team",
        "team1_score" : "-",
        "team2" : "Team",
        "team2_score" : "-",
        "time" : "Quarter 3"
      },
      "game28" : {
        "team1" : "Team",
        "team1_score" : "-",
        "team2" : "Team",
        "team2_score" : "-",
        "time" : "Quarter 4"
      }
    },
    "semi_games" : {
      "game29" : {
        "team1" : "Team",
        "team1_score" : "-",
        "team2" : "Team",
        "team2_score" : "-",
        "time" : "Semi 1"
      },
      "game30" : {
        "team1" : "Team",
        "team1_score" : "-",
        "team2" : "Team",
        "team2_score" : "-",
        "time" : "Semi 2"
      }
    }
  }
}
